metric_name,mean,median,std_dev,skewness,kurtosis,min,max,p05,p25,p75,p95,iqr,total_records
cpu_usage,50.17016853279802,49.976001896391324,19.921585560583033,-0.048604015642450836,-0.013298175935074763,-10.808144083853364,121.0800817346344,16.994558900286577,36.99399492732957,64.13655496818151,81.91261595829232,27.142560040851947,2000
network_bytes,32.21800513030418,19.868781841339192,43.27716908707063,6.188669700517693,75.01179831917545,0.4907701282041977,830.4665680526059,3.79239100252583,9.84442393036937,38.409902696100914,97.81409013751981,28.565478765731545,2000
disk_io,4.966850828729282,5.0,2.181214008321641,0.49613840194435593,0.05739097838333107,1.0,13.0,2.0,3.0,6.0,9.0,3.0,2000
http_requests_total,9.870203904473145,7.035601355792181,9.773602437080891,1.9862944867052623,5.955617509392409,7.992720613393754e-05,80.92900292299517,0.41224903694343284,2.8675012174130714,13.785192202964069,29.24056290608472,10.917690985550998,2000
memory_usage,3.9435682660708173,3.282515617563117,2.8015620798677894,1.4531944340025407,3.2827305796493267,0.0464848478390761,19.974732391516827,0.6990693294387919,1.875769778973324,5.37098452444073,9.392166703411412,3.495214745467406,1970
