,http_requests_total,cpu_usage,memory_usage,disk_io,network_bytes
http_requests_total,1.0,-0.007569203162061697,-0.013896394013514293,-0.00988992900500925,0.007386794755285285
cpu_usage,-0.007569203162061697,1.0,-0.017797154933520812,0.013870410402051466,-0.021513065344523383
memory_usage,-0.013896394013514293,-0.017797154933520812,1.0,0.00022354037593469715,0.021108543881152183
disk_io,-0.00988992900500925,0.013870410402051466,0.00022354037593469715,1.0,-0.018188079512599875
network_bytes,0.007386794755285285,-0.021513065344523383,0.021108543881152183,-0.018188079512599875,1.0
