metric_name,mean,median,std_dev,skewness,kurtosis,min,max,p05,p25,p75,p95,iqr,null_count,null_percentage,non_zero_records,zero_count,zero_percentage,total_records
http_requests_total,9.988656520300792,6.718244543519598,10.23185133325601,2.0531241539722953,5.583175677697147,0.0089382363125325,73.97020352482069,0.49441257732299615,2.933729433282098,13.593810149758347,31.325464245397534,10.66008071647625,0,0.0,1900,100,5.0,2000
cpu_usage,50.86270309320763,50.77043407590015,19.92178726979741,0.05045049087074067,-0.049418120874917815,-13.363978604379616,125.39925931988073,17.885443768005572,37.11702275201966,64.71030738300436,83.73936759689344,27.593284630984705,0,0.0,1950,50,2.5,2000
memory_usage,3.9701846611776963,3.323117520382678,2.7784381308936736,1.4317157097741473,3.345794564540874,0.1029280105497221,21.91110330288364,0.758750550396665,1.9064557890926452,5.44285436826273,9.159400850018445,3.536398579170085,30,1.5,1970,0,0.0,1970
disk_io,5.045866935483871,5.0,2.1680327873105933,0.46198201529655103,0.047093428786096236,1.0,14.0,2.0,3.0,6.0,9.0,3.0,0,0.0,1984,16,0.8,2000
network_bytes,34.401710820877774,19.754610049863313,51.97916843175575,8.21362686347835,128.53618135898836,0.7925320538990288,1145.360788999775,4.187379647387952,10.546378838115604,38.48409500553814,108.6213728825001,27.937716167422533,0,0.0,2000,0,0.0,2000
