,http_requests_total,cpu_usage,memory_usage,disk_io,network_bytes
http_requests_total,1.0,0.013727692640685806,-0.022582670540543404,-0.0030677927486337715,-0.021086728314936375
cpu_usage,0.013727692640685806,1.0,-0.016118545431395317,-0.027600876855978725,-0.004865568315772295
memory_usage,-0.022582670540543404,-0.016118545431395317,1.0,0.013269547886251412,-0.012154785120979627
disk_io,-0.0030677927486337715,-0.027600876855978725,0.013269547886251412,1.0,-0.015899693161537092
network_bytes,-0.021086728314936375,-0.004865568315772295,-0.012154785120979627,-0.015899693161537092,1.0
