metric_name,mean,median,std_dev,skewness,kurtosis,min,max,p05,p25,p75,p95,iqr,total_records
network_bytes,33.10839120743252,20.192657459999936,40.40526717721369,3.7399198596533947,21.40274441400618,0.9501089756262622,421.624773419875,3.8613435979027777,10.272400496008508,39.732110183883215,107.72275130343367,29.459709687874707,2000
cpu_usage,49.93640680841462,50.37967242389364,19.709015269340455,0.015146759169825092,-0.0037722492047986833,-11.678148913139133,116.84098113187372,18.058447161670145,36.87007438163105,63.139015190289356,82.68478565178496,26.268940808658307,2000
http_requests_total,9.741814318398287,6.9578556736747945,9.620505938688433,1.9097846346624388,5.411809193904569,0.002338640629883,74.38104900380681,0.4060149700981393,2.6889868264370445,13.328904930693762,29.135217489699563,10.639918104256717,2000
memory_usage,3.857747488774637,3.2081735074671114,2.7730046008445566,1.462441388767254,2.9650848802446994,0.0476695286980422,18.469330505329207,0.6602404280668421,1.8363788955043807,5.219229238713572,9.060443919063683,3.382850343209191,1970
disk_io,5.05244578920827,5.0,2.1833866848779886,0.48372526450290154,0.21133385222131507,1.0,15.0,2.0,3.5,6.0,9.0,2.5,2000
