metric_name,mean,median,std_dev,skewness,kurtosis,min,max,p05,p25,p75,p95,iqr,total_records
network_bytes,33.5797008523602,20.943571702674625,41.018410748378486,4.068920512592015,27.586117333308522,0.9156236578233056,495.7844830458821,3.495274028872152,10.16387767142521,41.23061604642063,103.95062487841406,31.066738374995417,2000
http_requests_total,9.838450744802218,6.751919528980797,9.73063179591777,1.7438183450244258,3.6464574769644833,0.0037017297803825,60.291214638477875,0.502359769948043,2.7730170101246507,13.765782363748404,29.454068566142503,10.992765353623753,2000
memory_usage,4.003080101696859,3.3609403946851293,2.819720023812514,1.3260613974245559,2.458304231704286,0.0423715295957934,19.52300315766051,0.6601466969766242,1.9000121155750582,5.396500484061187,9.351636810814394,3.496488368486129,1970
disk_io,5.066298342541437,5.0,2.2004166598115336,0.4961702397698874,0.06752834616823922,1.0,15.0,2.0,3.0,6.0,9.0,3.0,2000
