metric_name,mean,median,std_dev,skewness,kurtosis,min,max,p05,p25,p75,p95,iqr,total_records
cpu_usage,50.35382285487702,49.774675803244335,20.37772243604825,0.1122340739488944,0.021515821612671182,-18.79469601029811,118.76016027875356,17.536556255662713,37.074397662999864,63.511280298376235,84.8804793001651,26.43688263537637,2000
network_bytes,31.30144627691516,19.607066277714253,39.05065841670824,4.864081027738847,39.699076016765474,0.6298728899567217,541.2077680107424,4.103251535860379,10.414918492949973,37.43535194109663,93.33696838540033,27.020433448146655,2000
http_requests_total,10.067334699893864,7.116504018537354,9.967997006497557,1.8895040016835607,4.760312311830555,0.0138396859931647,77.29117354200024,0.5400085830053248,2.8965845120061733,13.933366429974178,30.25295066908796,11.036781917968005,2000
disk_io,5.004531722054381,5.0,2.2047531907201505,0.519656626335622,0.15814514418860792,1.0,15.0,2.0,3.0,6.0,9.0,3.0,2000
memory_usage,4.020034706532323,3.3805093743989354,2.827075493446022,1.4048802572117203,3.181399400008244,0.0390318277658273,25.14926460754349,0.7107065697424633,1.9966221521736105,5.481482073727678,9.402146153262482,3.4848599215540674,1970
