metric_name,mean,median,std_dev,skewness,kurtosis,min,max,p05,p25,p75,p95,iqr,total_records
network_bytes,32.45008470771032,19.59264881082464,41.903576718544706,4.96896357555268,52.80680283774395,0.6190948502415731,755.1212069456699,3.945479720698434,9.523452068198072,37.63024220457049,108.3368132449362,28.10679013637242,2000
http_requests_total,9.8894677388305,6.786040292885328,9.956923063298312,2.1422714035961694,8.489810417029735,0.0071529117792182,110.47702953104532,0.3915035444725262,2.9052053765743517,13.742167546302715,29.740352922615042,10.836962169728363,2000
memory_usage,3.958505802860814,3.383134054163521,2.772918680224817,1.3730327001607003,2.7425289166754103,0.0784041083771003,21.19085812018995,0.6931033943401148,1.894281713340849,5.301386270732891,9.30352487863606,3.407104557392042,1970
disk_io,4.95523138832998,5.0,2.123397064822667,0.45360139478933237,0.20922509697773783,1.0,15.0,2.0,3.0,6.0,8.0,3.0,2000
