metric_name,mean,median,std_dev,skewness,kurtosis,min,max,p05,p25,p75,p95,iqr,total_records
network_bytes,32.52868443287311,20.052913558297952,40.72848437675874,4.754184000483619,37.89036325662725,0.5670339079860288,585.3401576939359,4.106302046772478,10.664000124121323,39.96245563265718,97.76999821550727,29.29845550853586,2000
http_requests_total,10.08346123782336,6.961592440602502,10.122920457185183,1.9936023463218595,5.8763371776307185,0.0017312109193784,81.97938945080922,0.46044535683335835,2.8866776486396697,14.125651119167753,29.82830640965029,11.238973470528084,2000
memory_usage,4.0708492116468955,3.401484590990512,2.85542932016968,1.3052753072336138,2.1992880857011796,0.0413505914587604,19.41037052771765,0.7137427579992022,1.9731731149238945,5.462450782401811,9.67877530926363,3.489277667477917,1970
disk_io,5.034778225806452,5.0,2.229472992597084,0.45290344520937703,0.0687128488656854,1.0,15.0,2.0,3.0,6.0,9.0,3.0,2000
